# Characterised data defects. A finding is "explained" only if a row here covers it (same check, the
# symbol if given, date inside [date_from, date_to]). "Explained" means characterised with evidence and given a
# treatment; where the root cause is not known the explanation says so. Counts/ranges were measured on the real
# data on 2026-09-20; anything outside these ranges stays an open (unexplained) finding.
key,check,symbol,date_from,date_to,treatment,explanation,evidence
ohlc-2019-vendor-defect-days,ohlc_inconsistent,,2019-07-15,2019-09-04,keep_flagged_clip_envelope_downstream,"Vendor OHLC defect on specific days of Jul-Sep 2019: the bar's OPEN lies outside the bar's [low, high] (the close never does). Root cause not confirmed; since only the open is affected, a possible mechanism is the opening-auction (ATO) price not being included in the day's high/low. Raw values are kept; consumers must not trust `open` on these bars and must clip high/low to the envelope.","57 stock bars in 34 instruments; 53 fall on five dates (2019-07-15 x16, 07-19 x4, 08-07 x15, 08-30 x4, 09-04 x14; the other 4 are 07-18 x2 and 08-09 x2), each hitting many unrelated symbols at once, so it is a feed/day-level defect and not a per-stock error. Open outside [low, high] in all 57 bars, close outside in none; violation median 0.84%, p90 2.9%, max 6.5% of close."
ohlc-2019-vnindex-open,ohlc_inconsistent,VNINDEX,2019-06-24,2019-06-26,exclude_open,"VNINDEX bars of three consecutive days carry the same open (949.48), which is impossible; the index open is unreliable on these days. Root cause not identified.","open = 949.48 on 2019-06-24, 06-25 and 06-26 while high/low/close move; open lies outside [low, high] on all three."
ohlc-isolated-vci-2018-01-16,ohlc_inconsistent,VCI,2018-01-16,2018-01-16,keep_flagged_clip_envelope_downstream,"Isolated bar: open 10260 above high 10200 (0.6% of close). Root cause not identified.","single bar; no other symbol affected that day."
ohlc-isolated-vib-2019-12-31,ohlc_inconsistent,VIB,2019-12-31,2019-12-31,keep_flagged_clip_envelope_downstream,"Isolated bar: close 3490 below low 3510 (0.57% of close). Root cause not identified.","single bar; no other symbol affected that day."
ohlc-isolated-lpb-2020-02-18,ohlc_inconsistent,LPB,2020-02-18,2020-02-18,keep_flagged_clip_envelope_downstream,"Isolated bar: close 2690 below low 2730 (1.5% of close). Root cause not identified.","same day as the VIB bar below but different symbols; no wider cluster."
ohlc-isolated-vib-2020-02-18,ohlc_inconsistent,VIB,2020-02-18,2020-02-18,keep_flagged_clip_envelope_downstream,"Isolated bar: close 3620 below low 3690 (1.9% of close). Root cause not identified.","same day as the LPB bar above; no wider cluster."
ohlc-isolated-pvd-2022-09-12,ohlc_inconsistent,PVD,2022-09-12,2022-09-12,keep_flagged_clip_envelope_downstream,"Isolated bar: open 12190 below low 12360 (1.4% of close). Root cause not identified.","single bar; the only stock OHLC defect after 2020-02-18."
